{
	"name": "projectdvn",
	"targetType": "executable",
	"targetPath": "../../build/client",
	"targetName": "DVN",
	"dependencies": {
		"derelict-util": "~>3.0.0-beta.1",
		"dvn": "~>1.1.20"
	},
	"stringImportPaths": [
		"extensions"
	],
	"configurations": [{
		"name": "windows",
		"lflags": ["/LIBPATH:libs_derelict_sdl", "/SUBSYSTEM:windows"]
	}, {
		"name": "linux",
		"lflags": ["/LIBPATH:libs_derelict_sdl"]
	}, {
		"name": "macos",
		"lflags": ["/LIBPATH:libs_derelict_sdl"]
	}, {
		"name": "unittest",
		"excludedSourceFiles": ["source/main.d"],
		"sourcePaths": ["test"]
	}]
}